{
  "textType":[
    {
      "icon":"Email",
      "title":"Email",
      "isSelected":true
    },
    {
      "icon":"Messengers",
      "title":"Messengers",
      "isSelected":false
    }
  ],
  "textLength":[
    {
      "icon":"Short",
      "title":"Short",
      "isSelected":true
    },
    {
      "icon":"Medium",
      "title":"Medium",
      "isSelected":false
    },
    {
      "icon":"Long",
      "title":"Long",
      "isSelected":false
    }
  ],
  "WritingTone":[
    {
      "icon":"Formal",
      "title":"Formal",
      "isSelected":true
    },
    {
      "icon":"Friendly",
      "title":"Friendly",
      "isSelected":false
    },
    {
      "icon":"Brutal",
      "title":"Brutal",
      "isSelected":false
    },
    {
      "icon":"Persuasive",
      "title":"Persuasive",
      "isSelected":false
    },
    {
      "icon":"Confident",
      "title":"Confident",
      "isSelected":false
    },
    {
      "icon":"Cautionary",
      "title":"Cautionary",
      "isSelected":false
    },
    {
      "icon":"Inspirational",
      "title":"Inspirational",
      "isSelected":false
    },
    {
      "icon":"Thoughtful",
      "title":"Thoughtful",
      "isSelected":false
    },
    {
      "icon":"Joyful",
      "title":"Joyful",
      "isSelected":false
    },
    {
      "icon":"Exciting",
      "title":"Exciting",
      "isSelected":false
    },
    {
      "icon":"Grieved",
      "title":"Grieved",
      "isSelected":false
    },

    {
      "icon":"Loving",
      "title":"Loving",
      "isSelected":false
    },
    {
      "icon":"Surprised",
      "title":"Surprised",
      "isSelected":false
    },
    {
      "icon":"Informative",
      "title":"Informative",
      "isSelected":false
    },
    {
      "icon":"Expert",
      "title":"Expert",
      "isSelected":false
    }
  ],
  "useEmoji":[
    {
      "icon":"With",
      "title":"With Emoji",
      "isSelected":false
    },
    {
      "icon":"no",
      "title":"No Emoji",
      "isSelected":true
    }
  ]
}
